question,label
What is existentialism?,definition
What does nihilism mean?,definition
Can you define epistemology?,definition
What is rationalism?,definition
What is deontology?,definition
How would you explain phenomenology?,definition
What is utilitarianism?,definition
Can you define nihilism?,definition
What is the philosophical meaning of hermeneutics?,definition
What is rationalism?,definition
Can you define rationalism?,definition
How would you explain nihilism?,definition
How would you explain deontology?,definition
What does existentialism mean?,definition
Can you define determinism?,definition
What does dialectics mean?,definition
Can you define Stoicism?,definition
What does the categorical imperative mean?,definition
What is pragmatism?,definition
What is logical positivism?,definition
What does hermeneutics mean?,definition
What does phenomenology mean?,definition
How would you explain rationalism?,definition
What is pragmatism?,definition
What is rationalism?,definition
What does hermeneutics mean?,definition
What does deontology mean?,definition
Can you define utilitarianism?,definition
What is nihilism?,definition
What does utilitarianism mean?,definition
Can you define the categorical imperative?,definition
How would you explain dialectics?,definition
How would you explain logical positivism?,definition
Can you define logical positivism?,definition
What does Stoicism mean?,definition
What does utilitarianism mean?,definition
What is the philosophical meaning of metaphysics?,definition
What is the philosophical meaning of nihilism?,definition
Can you define free will?,definition
How would you explain dialectics?,definition
What is the philosophical meaning of nihilism?,definition
What does phenomenology mean?,definition
Can you define phenomenology?,definition
What does pragmatism mean?,definition
What does utilitarianism mean?,definition
Can you define deontology?,definition
What does Stoicism mean?,definition
How would you explain pragmatism?,definition
How would you explain epistemology?,definition
What does epistemology mean?,definition
Can you define rationalism?,definition
What is the philosophical meaning of dialectics?,definition
What is the philosophical meaning of determinism?,definition
What is the philosophical meaning of pragmatism?,definition
What does nihilism mean?,definition
Can you define empiricism?,definition
How would you explain utilitarianism?,definition
What is the categorical imperative?,definition
Can you define metaphysics?,definition
How would you explain hermeneutics?,definition
What is pragmatism?,definition
How would you explain hermeneutics?,definition
How would you explain empiricism?,definition
What does rationalism mean?,definition
What is the categorical imperative?,definition
What is the philosophical meaning of dialectics?,definition
What does the categorical imperative mean?,definition
What does determinism mean?,definition
Can you define free will?,definition
What is dialectics?,definition
What is the philosophical meaning of metaphysics?,definition
What is the philosophical meaning of the categorical imperative?,definition
What does empiricism mean?,definition
What is the philosophical meaning of Stoicism?,definition
Can you define logical positivism?,definition
Can you define rationalism?,definition
What is the philosophical meaning of existentialism?,definition
What is the philosophical meaning of social contract theory?,definition
How would you explain existentialism?,definition
What is logical positivism?,definition
What does nihilism mean?,definition
What is nihilism?,definition
What is the philosophical meaning of utilitarianism?,definition
What is theory of forms?,definition
What is rationalism?,definition
Can you define epistemology?,definition
How would you explain rationalism?,definition
Can you define dialectics?,definition
What is the philosophical meaning of hermeneutics?,definition
How would you explain Stoicism?,definition
What is the philosophical meaning of Stoicism?,definition
What does pragmatism mean?,definition
What does free will mean?,definition
What is the philosophical meaning of free will?,definition
What is nihilism?,definition
Can you define utilitarianism?,definition
What does existentialism mean?,definition
What is the philosophical meaning of rationalism?,definition
Can you define deontology?,definition
Can you define existentialism?,definition
What is phenomenology?,definition
Can you define utilitarianism?,definition
What is social contract theory?,definition
What is empiricism?,definition
Can you define dialectics?,definition
How would you explain Stoicism?,definition
What is the philosophical meaning of epistemology?,definition
What is the philosophical meaning of deontology?,definition
How would you explain nihilism?,definition
How would you explain determinism?,definition
Can you define the categorical imperative?,definition
What is determinism?,definition
What does determinism mean?,definition
How would you explain free will?,definition
What is the categorical imperative?,definition
What is pragmatism?,definition
What does the categorical imperative mean?,definition
Can you define Stoicism?,definition
Can you define rationalism?,definition
How would you explain epistemology?,definition
How would you explain metaphysics?,definition
What does free will mean?,definition
Can you define utilitarianism?,definition
How would you explain rationalism?,definition
What is phenomenology?,definition
What is the philosophical meaning of existentialism?,definition
What is nihilism?,definition
Can you define determinism?,definition
How would you explain theory of forms?,definition
Can you define pragmatism?,definition
What is metaphysics?,definition
How would you explain existentialism?,definition
How would you explain dialectics?,definition
How would you explain virtue ethics?,definition
How would you explain rationalism?,definition
How would you explain epistemology?,definition
Can you define virtue ethics?,definition
Can you define phenomenology?,definition
What is the philosophical meaning of rationalism?,definition
What is social contract theory?,definition
What is phenomenology?,definition
What is the philosophical meaning of theory of forms?,definition
What is the philosophical meaning of empiricism?,definition
Can you define phenomenology?,definition
What is the philosophical meaning of utilitarianism?,definition
Can you define utilitarianism?,definition
What is the philosophical meaning of utilitarianism?,definition
Can you define pragmatism?,definition
What is deontology?,definition
Can you define deontology?,definition
What is the philosophical meaning of phenomenology?,definition
What is the philosophical meaning of utilitarianism?,definition
How would you explain deontology?,definition
What is the philosophical meaning of empiricism?,definition
What does dialectics mean?,definition
Can you define social contract theory?,definition
Can you define dialectics?,definition
How would you explain epistemology?,definition
What does free will mean?,definition
What does utilitarianism mean?,definition
What is free will?,definition
What is the philosophical meaning of deontology?,definition
What is utilitarianism?,definition
What is the philosophical meaning of Stoicism?,definition
What is the philosophical meaning of dialectics?,definition
Can you define logical positivism?,definition
What is nihilism?,definition
What does virtue ethics mean?,definition
Can you define free will?,definition
What is the philosophical meaning of virtue ethics?,definition
What is the philosophical meaning of empiricism?,definition
What is rationalism?,definition
What does the categorical imperative mean?,definition
Can you define dialectics?,definition
What is the categorical imperative?,definition
What is the philosophical meaning of epistemology?,definition
What does virtue ethics mean?,definition
What is the philosophical meaning of Stoicism?,definition
What does Stoicism mean?,definition
What does empiricism mean?,definition
How would you explain dialectics?,definition
What is utilitarianism?,definition
How would you explain dialectics?,definition
What is existentialism?,definition
What does epistemology mean?,definition
What does metaphysics mean?,definition
How would you explain rationalism?,definition
How would you explain rationalism?,definition
What is the categorical imperative?,definition
What is epistemology?,definition
What is the philosophical meaning of phenomenology?,definition
What does deontology mean?,definition
What is the philosophical meaning of epistemology?,definition
How would you explain epistemology?,definition
What is virtue ethics?,definition
What does phenomenology mean?,definition
What does Stoicism mean?,definition
Can you define the categorical imperative?,definition
What does rationalism mean?,definition
How would you explain hermeneutics?,definition
Compare Marx and Hegel.,comparison
Compare Marx and Hegel.,comparison
How does Nietzsche differ from Kierkegaard?,comparison
What are the similarities and differences between Marx and Hegel?,comparison
Compare Nietzsche and Kierkegaard.,comparison
Compare Rawls and Nozick.,comparison
In what ways do Plato and Aristotle disagree?,comparison
In what ways do Kant and Hume disagree?,comparison
Compare Stoicism and Epicureanism.,comparison
What are the similarities and differences between Hobbes and Locke?,comparison
Compare Rawls and Nozick.,comparison
How does Stoicism differ from Epicureanism?,comparison
In what ways do Stoicism and Epicureanism disagree?,comparison
What are the similarities and differences between Descartes and Spinoza?,comparison
What are the similarities and differences between Plato and Aristotle?,comparison
Descartes vs Spinoza: what are the key differences?,comparison
Nietzsche vs Kierkegaard: what are the key differences?,comparison
How does Descartes differ from Spinoza?,comparison
What are the similarities and differences between Plato and Aristotle?,comparison
Marx vs Hegel: what are the key differences?,comparison
How does Rawls differ from Nozick?,comparison
Plato vs Aristotle: what are the key differences?,comparison
What are the similarities and differences between Nietzsche and Kierkegaard?,comparison
In what ways do Descartes and Spinoza disagree?,comparison
Empiricism vs Rationalism: what are the key differences?,comparison
In what ways do Plato and Aristotle disagree?,comparison
Compare Empiricism and Rationalism.,comparison
How does Rawls differ from Nozick?,comparison
How does Nietzsche differ from Kierkegaard?,comparison
Sartre vs Heidegger: what are the key differences?,comparison
What are the similarities and differences between Stoicism and Epicureanism?,comparison
How does Nietzsche differ from Kierkegaard?,comparison
Descartes vs Spinoza: what are the key differences?,comparison
How does Descartes differ from Spinoza?,comparison
Rawls vs Nozick: what are the key differences?,comparison
In what ways do Rawls and Nozick disagree?,comparison
In what ways do Descartes and Spinoza disagree?,comparison
Rawls vs Nozick: what are the key differences?,comparison
Compare Marx and Hegel.,comparison
In what ways do Nietzsche and Kierkegaard disagree?,comparison
Marx vs Hegel: what are the key differences?,comparison
What are the similarities and differences between Empiricism and Rationalism?,comparison
Nietzsche vs Kierkegaard: what are the key differences?,comparison
What are the similarities and differences between Kant and Hume?,comparison
Compare Rawls and Nozick.,comparison
Nietzsche vs Kierkegaard: what are the key differences?,comparison
What are the similarities and differences between Empiricism and Rationalism?,comparison
In what ways do Hobbes and Locke disagree?,comparison
Compare Hobbes and Locke.,comparison
In what ways do Sartre and Heidegger disagree?,comparison
How does Marx differ from Hegel?,comparison
Rawls vs Nozick: what are the key differences?,comparison
What are the similarities and differences between Empiricism and Rationalism?,comparison
Compare Plato and Aristotle.,comparison
Compare Rawls and Nozick.,comparison
Compare Stoicism and Epicureanism.,comparison
How does Kant differ from Hume?,comparison
In what ways do Stoicism and Epicureanism disagree?,comparison
How does Empiricism differ from Rationalism?,comparison
In what ways do Hobbes and Locke disagree?,comparison
Compare Empiricism and Rationalism.,comparison
In what ways do Nietzsche and Kierkegaard disagree?,comparison
Compare Nietzsche and Kierkegaard.,comparison
How does Marx differ from Hegel?,comparison
In what ways do Plato and Aristotle disagree?,comparison
Compare Stoicism and Epicureanism.,comparison
In what ways do Sartre and Heidegger disagree?,comparison
Kant vs Hume: what are the key differences?,comparison
How does Stoicism differ from Epicureanism?,comparison
Compare Hobbes and Locke.,comparison
Hobbes vs Locke: what are the key differences?,comparison
Sartre vs Heidegger: what are the key differences?,comparison
In what ways do Descartes and Spinoza disagree?,comparison
Empiricism vs Rationalism: what are the key differences?,comparison
Nietzsche vs Kierkegaard: what are the key differences?,comparison
Compare Hobbes and Locke.,comparison
In what ways do Hobbes and Locke disagree?,comparison
Compare Rawls and Nozick.,comparison
Rawls vs Nozick: what are the key differences?,comparison
Compare Hobbes and Locke.,comparison
In what ways do Rawls and Nozick disagree?,comparison
What are the similarities and differences between Plato and Aristotle?,comparison
What are the similarities and differences between Stoicism and Epicureanism?,comparison
What are the similarities and differences between Descartes and Spinoza?,comparison
How does Sartre differ from Heidegger?,comparison
Compare Marx and Hegel.,comparison
In what ways do Stoicism and Epicureanism disagree?,comparison
Compare Marx and Hegel.,comparison
In what ways do Plato and Aristotle disagree?,comparison
What are the similarities and differences between Nietzsche and Kierkegaard?,comparison
In what ways do Sartre and Heidegger disagree?,comparison
How does Nietzsche differ from Kierkegaard?,comparison
In what ways do Stoicism and Epicureanism disagree?,comparison
Nietzsche vs Kierkegaard: what are the key differences?,comparison
Kant vs Hume: what are the key differences?,comparison
In what ways do Nietzsche and Kierkegaard disagree?,comparison
What are the similarities and differences between Kant and Hume?,comparison
In what ways do Rawls and Nozick disagree?,comparison
Nietzsche vs Kierkegaard: what are the key differences?,comparison
Sartre vs Heidegger: what are the key differences?,comparison
In what ways do Stoicism and Epicureanism disagree?,comparison
What are the similarities and differences between Stoicism and Epicureanism?,comparison
In what ways do Nietzsche and Kierkegaard disagree?,comparison
In what ways do Kant and Hume disagree?,comparison
In what ways do Descartes and Spinoza disagree?,comparison
In what ways do Marx and Hegel disagree?,comparison
Marx vs Hegel: what are the key differences?,comparison
How does Sartre differ from Heidegger?,comparison
Nietzsche vs Kierkegaard: what are the key differences?,comparison
How does Empiricism differ from Rationalism?,comparison
In what ways do Plato and Aristotle disagree?,comparison
In what ways do Marx and Hegel disagree?,comparison
How does Marx differ from Hegel?,comparison
In what ways do Rawls and Nozick disagree?,comparison
Compare Descartes and Spinoza.,comparison
What are the similarities and differences between Hobbes and Locke?,comparison
In what ways do Descartes and Spinoza disagree?,comparison
In what ways do Rawls and Nozick disagree?,comparison
How does Rawls differ from Nozick?,comparison
How does Hobbes differ from Locke?,comparison
How does Sartre differ from Heidegger?,comparison
Compare Descartes and Spinoza.,comparison
How does Plato differ from Aristotle?,comparison
Compare Kant and Hume.,comparison
How does Stoicism differ from Epicureanism?,comparison
Compare Empiricism and Rationalism.,comparison
Compare Stoicism and Epicureanism.,comparison
How does Hobbes differ from Locke?,comparison
Compare Empiricism and Rationalism.,comparison
What are the similarities and differences between Hobbes and Locke?,comparison
Compare Descartes and Spinoza.,comparison
Empiricism vs Rationalism: what are the key differences?,comparison
Compare Plato and Aristotle.,comparison
How does Rawls differ from Nozick?,comparison
How does Empiricism differ from Rationalism?,comparison
Rawls vs Nozick: what are the key differences?,comparison
In what ways do Nietzsche and Kierkegaard disagree?,comparison
How does Stoicism differ from Epicureanism?,comparison
Compare Empiricism and Rationalism.,comparison
What are the similarities and differences between Plato and Aristotle?,comparison
How does Empiricism differ from Rationalism?,comparison
How does Empiricism differ from Rationalism?,comparison
Descartes vs Spinoza: what are the key differences?,comparison
What are the similarities and differences between Nietzsche and Kierkegaard?,comparison
Plato vs Aristotle: what are the key differences?,comparison
How does Descartes differ from Spinoza?,comparison
In what ways do Nietzsche and Kierkegaard disagree?,comparison
In what ways do Plato and Aristotle disagree?,comparison
In what ways do Descartes and Spinoza disagree?,comparison
In what ways do Marx and Hegel disagree?,comparison
Marx vs Hegel: what are the key differences?,comparison
Rawls vs Nozick: what are the key differences?,comparison
In what ways do Sartre and Heidegger disagree?,comparison
In what ways do Hobbes and Locke disagree?,comparison
What are the similarities and differences between Empiricism and Rationalism?,comparison
Compare Descartes and Spinoza.,comparison
What are the similarities and differences between Plato and Aristotle?,comparison
Compare Hobbes and Locke.,comparison
Hobbes vs Locke: what are the key differences?,comparison
In what ways do Empiricism and Rationalism disagree?,comparison
How does Descartes differ from Spinoza?,comparison
What are the similarities and differences between Hobbes and Locke?,comparison
In what ways do Marx and Hegel disagree?,comparison
What are the similarities and differences between Stoicism and Epicureanism?,comparison
What are the similarities and differences between Rawls and Nozick?,comparison
Rawls vs Nozick: what are the key differences?,comparison
Rawls vs Nozick: what are the key differences?,comparison
Kant vs Hume: what are the key differences?,comparison
How does Stoicism differ from Epicureanism?,comparison
In what ways do Stoicism and Epicureanism disagree?,comparison
Hobbes vs Locke: what are the key differences?,comparison
In what ways do Stoicism and Epicureanism disagree?,comparison
In what ways do Hobbes and Locke disagree?,comparison
How does Kant differ from Hume?,comparison
Compare Rawls and Nozick.,comparison
Compare Nietzsche and Kierkegaard.,comparison
Rawls vs Nozick: what are the key differences?,comparison
In what ways do Descartes and Spinoza disagree?,comparison
Sartre vs Heidegger: what are the key differences?,comparison
In what ways do Descartes and Spinoza disagree?,comparison
What are the similarities and differences between Sartre and Heidegger?,comparison
In what ways do Descartes and Spinoza disagree?,comparison
What are the similarities and differences between Rawls and Nozick?,comparison
Compare Rawls and Nozick.,comparison
Compare Plato and Aristotle.,comparison
How does Descartes differ from Spinoza?,comparison
Compare Sartre and Heidegger.,comparison
Compare Stoicism and Epicureanism.,comparison
What are the similarities and differences between Hobbes and Locke?,comparison
Empiricism vs Rationalism: what are the key differences?,comparison
What are the similarities and differences between Empiricism and Rationalism?,comparison
Compare Plato and Aristotle.,comparison
Compare Rawls and Nozick.,comparison
Compare Descartes and Spinoza.,comparison
How does Rawls differ from Nozick?,comparison
Compare Sartre and Heidegger.,comparison
How does Rawls differ from Nozick?,comparison
Kant vs Hume: what are the key differences?,comparison
Compare Rawls and Nozick.,comparison
How does Hobbes differ from Locke?,comparison
Can you give a real-life example of Marx's alienation?,example
How would phenomenology apply in everyday life?,example
Can you illustrate phenomenology with a concrete case?,example
How would Plato's cave apply in everyday life?,example
Can you give a real-life example of virtue ethics?,example
Can you illustrate utilitarianism with a concrete case?,example
Can you give a real-life example of existentialism?,example
Can you illustrate utilitarianism with a concrete case?,example
What is an example of the categorical imperative in modern society?,example
Show me a practical example of Plato's cave.,example
What is an example of virtue ethics in modern society?,example
Can you give a real-life example of dialectical thinking?,example
Can you give a real-life example of Stoicism?,example
Can you illustrate Marx's alienation with a concrete case?,example
What is an example of Marx's alienation in modern society?,example
Show me a practical example of Stoicism.,example
Can you illustrate phenomenology with a concrete case?,example
Can you illustrate virtue ethics with a concrete case?,example
What is an example of existentialism in modern society?,example
How would Marx's alienation apply in everyday life?,example
What is an example of the categorical imperative in modern society?,example
What is an example of utilitarianism in modern society?,example
Show me a practical example of dialectical thinking.,example
How would utilitarianism apply in everyday life?,example
Show me a practical example of dialectical thinking.,example
Show me a practical example of Stoicism.,example
Can you give a real-life example of Plato's cave?,example
Can you give a real-life example of existentialism?,example
Can you illustrate Marx's alienation with a concrete case?,example
Can you illustrate virtue ethics with a concrete case?,example
Can you give a real-life example of dialectical thinking?,example
How would virtue ethics apply in everyday life?,example
Can you illustrate utilitarianism with a concrete case?,example
Show me a practical example of virtue ethics.,example
What is an example of dialectical thinking in modern society?,example
Can you illustrate utilitarianism with a concrete case?,example
What is an example of dialectical thinking in modern society?,example
Show me a practical example of virtue ethics.,example
Show me a practical example of utilitarianism.,example
Can you give a real-life example of Plato's cave?,example
How would Marx's alienation apply in everyday life?,example
What is an example of virtue ethics in modern society?,example
Can you illustrate utilitarianism with a concrete case?,example
Can you illustrate virtue ethics with a concrete case?,example
Can you illustrate virtue ethics with a concrete case?,example
What is an example of Stoicism in modern society?,example
Can you illustrate phenomenology with a concrete case?,example
Can you give a real-life example of Marx's alienation?,example
Can you give a real-life example of existentialism?,example
How would Marx's alienation apply in everyday life?,example
How would the categorical imperative apply in everyday life?,example
Can you give a real-life example of dialectical thinking?,example
What is an example of Marx's alienation in modern society?,example
Can you give a real-life example of virtue ethics?,example
What is an example of the categorical imperative in modern society?,example
Show me a practical example of phenomenology.,example
What is an example of phenomenology in modern society?,example
How would Plato's cave apply in everyday life?,example
What is an example of existentialism in modern society?,example
Can you illustrate utilitarianism with a concrete case?,example
Can you illustrate social contract theory with a concrete case?,example
Can you illustrate social contract theory with a concrete case?,example
How would utilitarianism apply in everyday life?,example
Show me a practical example of social contract theory.,example
Can you illustrate phenomenology with a concrete case?,example
How would existentialism apply in everyday life?,example
What is an example of the categorical imperative in modern society?,example
Can you illustrate utilitarianism with a concrete case?,example
How would virtue ethics apply in everyday life?,example
How would utilitarianism apply in everyday life?,example
Can you illustrate Stoicism with a concrete case?,example
Can you give a real-life example of Stoicism?,example
Can you illustrate existentialism with a concrete case?,example
Can you give a real-life example of dialectical thinking?,example
What is an example of social contract theory in modern society?,example
What is an example of phenomenology in modern society?,example
Can you illustrate the categorical imperative with a concrete case?,example
Show me a practical example of virtue ethics.,example
What is an example of Plato's cave in modern society?,example
How would phenomenology apply in everyday life?,example
Can you illustrate utilitarianism with a concrete case?,example
Can you give a real-life example of Marx's alienation?,example
Show me a practical example of Plato's cave.,example
How would Stoicism apply in everyday life?,example
Can you give a real-life example of Stoicism?,example
Can you illustrate utilitarianism with a concrete case?,example
Show me a practical example of utilitarianism.,example
Can you illustrate utilitarianism with a concrete case?,example
Show me a practical example of phenomenology.,example
How would Stoicism apply in everyday life?,example
How would existentialism apply in everyday life?,example
Can you illustrate phenomenology with a concrete case?,example
Show me a practical example of phenomenology.,example
What is an example of Plato's cave in modern society?,example
Can you illustrate dialectical thinking with a concrete case?,example
What is an example of Stoicism in modern society?,example
Show me a practical example of utilitarianism.,example
How would existentialism apply in everyday life?,example
How would Stoicism apply in everyday life?,example
How would the categorical imperative apply in everyday life?,example
How would virtue ethics apply in everyday life?,example
What is an example of Marx's alienation in modern society?,example
Can you illustrate Plato's cave with a concrete case?,example
Can you illustrate Stoicism with a concrete case?,example
Can you illustrate social contract theory with a concrete case?,example
How would Stoicism apply in everyday life?,example
What is an example of existentialism in modern society?,example
Can you illustrate social contract theory with a concrete case?,example
Show me a practical example of dialectical thinking.,example
What is an example of existentialism in modern society?,example
Show me a practical example of existentialism.,example
Can you give a real-life example of social contract theory?,example
Can you illustrate existentialism with a concrete case?,example
Can you illustrate Plato's cave with a concrete case?,example
Can you illustrate the categorical imperative with a concrete case?,example
Show me a practical example of Stoicism.,example
What is an example of social contract theory in modern society?,example
Can you give a real-life example of phenomenology?,example
Can you give a real-life example of Stoicism?,example
Can you illustrate the categorical imperative with a concrete case?,example
Show me a practical example of existentialism.,example
Show me a practical example of utilitarianism.,example
Can you illustrate virtue ethics with a concrete case?,example
How would Marx's alienation apply in everyday life?,example
Can you illustrate utilitarianism with a concrete case?,example
How would Stoicism apply in everyday life?,example
Can you illustrate social contract theory with a concrete case?,example
Can you illustrate Stoicism with a concrete case?,example
Can you give a real-life example of Marx's alienation?,example
Can you give a real-life example of dialectical thinking?,example
How would dialectical thinking apply in everyday life?,example
Can you give a real-life example of existentialism?,example
Can you give a real-life example of utilitarianism?,example
Can you illustrate Plato's cave with a concrete case?,example
How would the categorical imperative apply in everyday life?,example
Can you give a real-life example of social contract theory?,example
Can you give a real-life example of virtue ethics?,example
How would social contract theory apply in everyday life?,example
Can you illustrate Plato's cave with a concrete case?,example
Show me a practical example of Stoicism.,example
Can you illustrate Marx's alienation with a concrete case?,example
Show me a practical example of Plato's cave.,example
Show me a practical example of utilitarianism.,example
What is an example of existentialism in modern society?,example
What is an example of dialectical thinking in modern society?,example
Can you illustrate Marx's alienation with a concrete case?,example
Show me a practical example of dialectical thinking.,example
Can you illustrate virtue ethics with a concrete case?,example
Can you illustrate virtue ethics with a concrete case?,example
Can you give a real-life example of phenomenology?,example
How would Stoicism apply in everyday life?,example
Show me a practical example of utilitarianism.,example
Can you illustrate social contract theory with a concrete case?,example
What is an example of virtue ethics in modern society?,example
Can you illustrate virtue ethics with a concrete case?,example
Can you illustrate virtue ethics with a concrete case?,example
Show me a practical example of existentialism.,example
Can you illustrate utilitarianism with a concrete case?,example
Show me a practical example of existentialism.,example
What is an example of social contract theory in modern society?,example
What is an example of virtue ethics in modern society?,example
How would the categorical imperative apply in everyday life?,example
Can you illustrate virtue ethics with a concrete case?,example
Can you give a real-life example of Marx's alienation?,example
Can you give a real-life example of Marx's alienation?,example
Can you illustrate virtue ethics with a concrete case?,example
Show me a practical example of Marx's alienation.,example
How would dialectical thinking apply in everyday life?,example
Show me a practical example of Marx's alienation.,example
How would Plato's cave apply in everyday life?,example
Can you give a real-life example of the categorical imperative?,example
How would phenomenology apply in everyday life?,example
Can you give a real-life example of Marx's alienation?,example
How would Plato's cave apply in everyday life?,example
Can you give a real-life example of virtue ethics?,example
How would existentialism apply in everyday life?,example
Show me a practical example of dialectical thinking.,example
Show me a practical example of Stoicism.,example
How would Stoicism apply in everyday life?,example
What is an example of virtue ethics in modern society?,example
Show me a practical example of virtue ethics.,example
Can you illustrate virtue ethics with a concrete case?,example
How would utilitarianism apply in everyday life?,example
Can you illustrate utilitarianism with a concrete case?,example
Show me a practical example of dialectical thinking.,example
Can you illustrate Stoicism with a concrete case?,example
How would utilitarianism apply in everyday life?,example
Can you illustrate the categorical imperative with a concrete case?,example
How would Stoicism apply in everyday life?,example
Can you give a real-life example of phenomenology?,example
How would virtue ethics apply in everyday life?,example
What is an example of existentialism in modern society?,example
How would utilitarianism apply in everyday life?,example
Show me a practical example of phenomenology.,example
Can you give a real-life example of Marx's alienation?,example
What is an example of social contract theory in modern society?,example
What is an example of dialectical thinking in modern society?,example
Can you give a real-life example of phenomenology?,example
How would existentialism apply in everyday life?,example
Can you give a real-life example of Plato's cave?,example
Provide a detailed analysis of Nietzsche's critique of morality.,deepening
Explore the implications of Rawls' theory of justice.,deepening
Provide a detailed analysis of Heidegger's concept of Being.,deepening
Can you explain Foucault's concept of power in depth?,deepening
Can you explain Aristotle's ethics in depth?,deepening
Give me a comprehensive overview of Plato's Republic.,deepening
Critically analyze Aristotle's ethics.,deepening
Critically analyze Marx's theory of alienation.,deepening
Give me a comprehensive overview of Heidegger's concept of Being.,deepening
Give me a comprehensive overview of Hegelian dialectics.,deepening
Give me a comprehensive overview of Kant's theory of knowledge.,deepening
Provide a detailed analysis of Plato's Republic.,deepening
Can you explain Rawls' theory of justice in depth?,deepening
Give me a comprehensive overview of Wittgenstein's later philosophy.,deepening
Explore the implications of Heidegger's concept of Being.,deepening
Explore the implications of Foucault's concept of power.,deepening
Explore the implications of Nietzsche's critique of morality.,deepening
Give me a comprehensive overview of Kant's theory of knowledge.,deepening
Can you explain Heidegger's concept of Being in depth?,deepening
Give me a comprehensive overview of Heidegger's concept of Being.,deepening
Can you explain Hegelian dialectics in depth?,deepening
Provide a detailed analysis of Nietzsche's critique of morality.,deepening
Explore the implications of Wittgenstein's later philosophy.,deepening
Can you explain Hegelian dialectics in depth?,deepening
Can you explain Heidegger's concept of Being in depth?,deepening
Critically analyze Wittgenstein's later philosophy.,deepening
Critically analyze Wittgenstein's later philosophy.,deepening
Can you explain Plato's Republic in depth?,deepening
Can you explain Hegelian dialectics in depth?,deepening
Provide a detailed analysis of Kant's theory of knowledge.,deepening
Can you explain Marx's theory of alienation in depth?,deepening
Critically analyze Kant's theory of knowledge.,deepening
Can you explain Heidegger's concept of Being in depth?,deepening
Provide a detailed analysis of Marx's theory of alienation.,deepening
Provide a detailed analysis of Plato's Republic.,deepening
Can you explain Hegelian dialectics in depth?,deepening
Explore the implications of Nietzsche's critique of morality.,deepening
Can you explain Kant's theory of knowledge in depth?,deepening
Provide a detailed analysis of Marx's theory of alienation.,deepening
Give me a comprehensive overview of Foucault's concept of power.,deepening
Provide a detailed analysis of Heidegger's concept of Being.,deepening
Give me a comprehensive overview of Rawls' theory of justice.,deepening
Explore the implications of Foucault's concept of power.,deepening
Critically analyze Heidegger's concept of Being.,deepening
Give me a comprehensive overview of Foucault's concept of power.,deepening
Can you explain Hegelian dialectics in depth?,deepening
Provide a detailed analysis of Foucault's concept of power.,deepening
Explore the implications of Rawls' theory of justice.,deepening
Provide a detailed analysis of Nietzsche's critique of morality.,deepening
Give me a comprehensive overview of Aristotle's ethics.,deepening
Give me a comprehensive overview of Heidegger's concept of Being.,deepening
Give me a comprehensive overview of Rawls' theory of justice.,deepening
Provide a detailed analysis of Heidegger's concept of Being.,deepening
Explore the implications of Hegelian dialectics.,deepening
Can you explain Heidegger's concept of Being in depth?,deepening
Can you explain Kant's theory of knowledge in depth?,deepening
Critically analyze Hegelian dialectics.,deepening
Critically analyze Plato's Republic.,deepening
Give me a comprehensive overview of Hegelian dialectics.,deepening
Critically analyze Kant's theory of knowledge.,deepening
Give me a comprehensive overview of Foucault's concept of power.,deepening
Critically analyze Aristotle's ethics.,deepening
Provide a detailed analysis of Heidegger's concept of Being.,deepening
Critically analyze Wittgenstein's later philosophy.,deepening
Give me a comprehensive overview of Rawls' theory of justice.,deepening
Can you explain Aristotle's ethics in depth?,deepening
Explore the implications of Rawls' theory of justice.,deepening
Give me a comprehensive overview of Aristotle's ethics.,deepening
Provide a detailed analysis of Plato's Republic.,deepening
Give me a comprehensive overview of Plato's Republic.,deepening
Explore the implications of Plato's Republic.,deepening
Can you explain Rawls' theory of justice in depth?,deepening
Provide a detailed analysis of Heidegger's concept of Being.,deepening
Provide a detailed analysis of Heidegger's concept of Being.,deepening
Give me a comprehensive overview of Heidegger's concept of Being.,deepening
Explore the implications of Marx's theory of alienation.,deepening
Critically analyze Nietzsche's critique of morality.,deepening
Critically analyze Foucault's concept of power.,deepening
Critically analyze Plato's Republic.,deepening
Provide a detailed analysis of Aristotle's ethics.,deepening
Explore the implications of Aristotle's ethics.,deepening
Provide a detailed analysis of Kant's theory of knowledge.,deepening
Critically analyze Kant's theory of knowledge.,deepening
Explore the implications of Heidegger's concept of Being.,deepening
Critically analyze Foucault's concept of power.,deepening
Can you explain Marx's theory of alienation in depth?,deepening
Give me a comprehensive overview of Wittgenstein's later philosophy.,deepening
Provide a detailed analysis of Plato's Republic.,deepening
Critically analyze Plato's Republic.,deepening
Provide a detailed analysis of Kant's theory of knowledge.,deepening
Critically analyze Wittgenstein's later philosophy.,deepening
Give me a comprehensive overview of Foucault's concept of power.,deepening
Critically analyze Hegelian dialectics.,deepening
Critically analyze Nietzsche's critique of morality.,deepening
Critically analyze Kant's theory of knowledge.,deepening
Provide a detailed analysis of Marx's theory of alienation.,deepening
Explore the implications of Kant's theory of knowledge.,deepening
Explore the implications of Plato's Republic.,deepening
Provide a detailed analysis of Marx's theory of alienation.,deepening
Can you explain Hegelian dialectics in depth?,deepening
Give me a comprehensive overview of Heidegger's concept of Being.,deepening
Can you explain Nietzsche's critique of morality in depth?,deepening
Provide a detailed analysis of Foucault's concept of power.,deepening
Can you explain Aristotle's ethics in depth?,deepening
Give me a comprehensive overview of Rawls' theory of justice.,deepening
Explore the implications of Marx's theory of alienation.,deepening
Explore the implications of Kant's theory of knowledge.,deepening
Explore the implications of Hegelian dialectics.,deepening
Critically analyze Heidegger's concept of Being.,deepening
Provide a detailed analysis of Marx's theory of alienation.,deepening
Can you explain Hegelian dialectics in depth?,deepening
Provide a detailed analysis of Heidegger's concept of Being.,deepening
Explore the implications of Rawls' theory of justice.,deepening
Give me a comprehensive overview of Rawls' theory of justice.,deepening
Critically analyze Rawls' theory of justice.,deepening
Give me a comprehensive overview of Kant's theory of knowledge.,deepening
Can you explain Foucault's concept of power in depth?,deepening
Provide a detailed analysis of Plato's Republic.,deepening
Give me a comprehensive overview of Heidegger's concept of Being.,deepening
Explore the implications of Hegelian dialectics.,deepening
Give me a comprehensive overview of Foucault's concept of power.,deepening
Explore the implications of Nietzsche's critique of morality.,deepening
Can you explain Aristotle's ethics in depth?,deepening
Critically analyze Nietzsche's critique of morality.,deepening
Provide a detailed analysis of Wittgenstein's later philosophy.,deepening
Explore the implications of Wittgenstein's later philosophy.,deepening
Can you explain Kant's theory of knowledge in depth?,deepening
Explore the implications of Plato's Republic.,deepening
Provide a detailed analysis of Nietzsche's critique of morality.,deepening
Give me a comprehensive overview of Aristotle's ethics.,deepening
Can you explain Marx's theory of alienation in depth?,deepening
Give me a comprehensive overview of Foucault's concept of power.,deepening
Can you explain Foucault's concept of power in depth?,deepening
Critically analyze Plato's Republic.,deepening
Provide a detailed analysis of Aristotle's ethics.,deepening
Provide a detailed analysis of Aristotle's ethics.,deepening
Provide a detailed analysis of Rawls' theory of justice.,deepening
Provide a detailed analysis of Plato's Republic.,deepening
Critically analyze Aristotle's ethics.,deepening
Critically analyze Aristotle's ethics.,deepening
Give me a comprehensive overview of Kant's theory of knowledge.,deepening
Provide a detailed analysis of Aristotle's ethics.,deepening
Provide a detailed analysis of Plato's Republic.,deepening
Can you explain Hegelian dialectics in depth?,deepening
Give me a comprehensive overview of Plato's Republic.,deepening
Provide a detailed analysis of Aristotle's ethics.,deepening
Provide a detailed analysis of Wittgenstein's later philosophy.,deepening
Give me a comprehensive overview of Hegelian dialectics.,deepening
Give me a comprehensive overview of Foucault's concept of power.,deepening
Provide a detailed analysis of Aristotle's ethics.,deepening
Explore the implications of Plato's Republic.,deepening
Can you explain Plato's Republic in depth?,deepening
Can you explain Heidegger's concept of Being in depth?,deepening
Critically analyze Heidegger's concept of Being.,deepening
Critically analyze Foucault's concept of power.,deepening
Can you explain Plato's Republic in depth?,deepening
Explore the implications of Marx's theory of alienation.,deepening
Can you explain Heidegger's concept of Being in depth?,deepening
Can you explain Kant's theory of knowledge in depth?,deepening
Can you explain Marx's theory of alienation in depth?,deepening
Critically analyze Marx's theory of alienation.,deepening
Provide a detailed analysis of Marx's theory of alienation.,deepening
Give me a comprehensive overview of Rawls' theory of justice.,deepening
Critically analyze Hegelian dialectics.,deepening
Give me a comprehensive overview of Hegelian dialectics.,deepening
Critically analyze Plato's Republic.,deepening
Explore the implications of Marx's theory of alienation.,deepening
Give me a comprehensive overview of Heidegger's concept of Being.,deepening
Give me a comprehensive overview of Rawls' theory of justice.,deepening
Explore the implications of Kant's theory of knowledge.,deepening
Critically analyze Nietzsche's critique of morality.,deepening
Explore the implications of Foucault's concept of power.,deepening
Provide a detailed analysis of Kant's theory of knowledge.,deepening
Give me a comprehensive overview of Rawls' theory of justice.,deepening
Provide a detailed analysis of Nietzsche's critique of morality.,deepening
Explore the implications of Kant's theory of knowledge.,deepening
Provide a detailed analysis of Heidegger's concept of Being.,deepening
Critically analyze Hegelian dialectics.,deepening
Critically analyze Aristotle's ethics.,deepening
Give me a comprehensive overview of Hegelian dialectics.,deepening
Critically analyze Nietzsche's critique of morality.,deepening
Give me a comprehensive overview of Hegelian dialectics.,deepening
Can you explain Plato's Republic in depth?,deepening
Critically analyze Rawls' theory of justice.,deepening
Critically analyze Marx's theory of alienation.,deepening
Provide a detailed analysis of Rawls' theory of justice.,deepening
Provide a detailed analysis of Plato's Republic.,deepening
Provide a detailed analysis of Foucault's concept of power.,deepening
Can you explain Nietzsche's critique of morality in depth?,deepening
Can you explain Rawls' theory of justice in depth?,deepening
Give me a comprehensive overview of Foucault's concept of power.,deepening
Critically analyze Hegelian dialectics.,deepening
Can you explain Plato's Republic in depth?,deepening
Explore the implications of Kant's theory of knowledge.,deepening
Give me a comprehensive overview of Aristotle's ethics.,deepening
Explore the implications of Hegelian dialectics.,deepening
Provide a detailed analysis of Plato's Republic.,deepening
Provide a detailed analysis of Plato's Republic.,deepening
Provide a detailed analysis of Foucault's concept of power.,deepening
Give me a comprehensive overview of Kant's theory of knowledge.,deepening
Test my knowledge of Kierkegaard.,quiz
Ask me a difficult question about Rawls.,quiz
Quiz me on Husserl.,quiz
Ask me a difficult question about Locke.,quiz
Test my knowledge of Spinoza.,quiz
Ask me a difficult question about Kierkegaard.,quiz
Quiz me on Wittgenstein.,quiz
Challenge me on Spinoza.,quiz
Test my knowledge of Nietzsche.,quiz
Challenge me on Kant.,quiz
Give me an exam-style question about Beauvoir.,quiz
Test my knowledge of Plato.,quiz
Test my knowledge of Wittgenstein.,quiz
Ask me a difficult question about Hegel.,quiz
Test my knowledge of Popper.,quiz
Ask me a difficult question about Heidegger.,quiz
Ask me a difficult question about Nietzsche.,quiz
Quiz me on Wittgenstein.,quiz
Quiz me on Beauvoir.,quiz
Challenge me on Beauvoir.,quiz
Quiz me on Rawls.,quiz
Challenge me on Nietzsche.,quiz
Challenge me on Spinoza.,quiz
Ask me a difficult question about Marx.,quiz
Ask me a difficult question about Kierkegaard.,quiz
Ask me a difficult question about Mill.,quiz
Quiz me on Rousseau.,quiz
Test my knowledge of Heidegger.,quiz
Give me an exam-style question about Kierkegaard.,quiz
Test my knowledge of Mill.,quiz
Ask me a difficult question about Foucault.,quiz
Ask me a difficult question about Wittgenstein.,quiz
Give me an exam-style question about Hegel.,quiz
Test my knowledge of Husserl.,quiz
Give me an exam-style question about Mill.,quiz
Test my knowledge of Spinoza.,quiz
Challenge me on Beauvoir.,quiz
Give me an exam-style question about Marx.,quiz
Ask me a difficult question about Kierkegaard.,quiz
Ask me a difficult question about Sartre.,quiz
Quiz me on Popper.,quiz
Test my knowledge of Foucault.,quiz
Quiz me on Beauvoir.,quiz
Quiz me on Wittgenstein.,quiz
Quiz me on Marx.,quiz
Test my knowledge of Mill.,quiz
Challenge me on Nietzsche.,quiz
Give me an exam-style question about Kant.,quiz
Ask me a difficult question about Mill.,quiz
Test my knowledge of Plato.,quiz
Give me an exam-style question about Aristotle.,quiz
Give me an exam-style question about Beauvoir.,quiz
Test my knowledge of Heidegger.,quiz
Give me an exam-style question about Kant.,quiz
Test my knowledge of Heidegger.,quiz
Quiz me on Rawls.,quiz
Quiz me on Rawls.,quiz
Ask me a difficult question about Nietzsche.,quiz
Quiz me on Wittgenstein.,quiz
Give me an exam-style question about Nietzsche.,quiz
Give me an exam-style question about Mill.,quiz
Challenge me on Plato.,quiz
Quiz me on Plato.,quiz
Test my knowledge of Hegel.,quiz
Ask me a difficult question about Foucault.,quiz
Challenge me on Beauvoir.,quiz
Give me an exam-style question about Hume.,quiz
Test my knowledge of Heidegger.,quiz
Test my knowledge of Hume.,quiz
Quiz me on Heidegger.,quiz
Give me an exam-style question about Kierkegaard.,quiz
Give me an exam-style question about Kant.,quiz
Quiz me on Popper.,quiz
Challenge me on Foucault.,quiz
Quiz me on Beauvoir.,quiz
Challenge me on Heidegger.,quiz
Ask me a difficult question about Wittgenstein.,quiz
Give me an exam-style question about Plato.,quiz
Challenge me on Locke.,quiz
Ask me a difficult question about Husserl.,quiz
Give me an exam-style question about Marx.,quiz
Quiz me on Beauvoir.,quiz
Test my knowledge of Kant.,quiz
Challenge me on Foucault.,quiz
Challenge me on Beauvoir.,quiz
Challenge me on Plato.,quiz
Give me an exam-style question about Popper.,quiz
Quiz me on Spinoza.,quiz
Test my knowledge of Sartre.,quiz
Quiz me on Locke.,quiz
Quiz me on Locke.,quiz
Ask me a difficult question about Hume.,quiz
Challenge me on Rawls.,quiz
Ask me a difficult question about Aristotle.,quiz
Test my knowledge of Foucault.,quiz
Test my knowledge of Marx.,quiz
Give me an exam-style question about Popper.,quiz
Ask me a difficult question about Nietzsche.,quiz
Quiz me on Mill.,quiz
Quiz me on Wittgenstein.,quiz
Ask me a difficult question about Aristotle.,quiz
Ask me a difficult question about Aristotle.,quiz
Test my knowledge of Wittgenstein.,quiz
Challenge me on Spinoza.,quiz
Challenge me on Popper.,quiz
Test my knowledge of Aristotle.,quiz
Ask me a difficult question about Wittgenstein.,quiz
Test my knowledge of Aristotle.,quiz
Test my knowledge of Sartre.,quiz
Quiz me on Locke.,quiz
Give me an exam-style question about Spinoza.,quiz
Give me an exam-style question about Spinoza.,quiz
Test my knowledge of Marx.,quiz
Give me an exam-style question about Popper.,quiz
Test my knowledge of Beauvoir.,quiz
Test my knowledge of Kant.,quiz
Give me an exam-style question about Kant.,quiz
Give me an exam-style question about Kierkegaard.,quiz
Ask me a difficult question about Foucault.,quiz
Test my knowledge of Rawls.,quiz
Quiz me on Kant.,quiz
Test my knowledge of Wittgenstein.,quiz
Test my knowledge of Mill.,quiz
Challenge me on Rousseau.,quiz
Ask me a difficult question about Mill.,quiz
Test my knowledge of Mill.,quiz
Quiz me on Locke.,quiz
Challenge me on Rousseau.,quiz
Test my knowledge of Aristotle.,quiz
Quiz me on Spinoza.,quiz
Test my knowledge of Beauvoir.,quiz
Ask me a difficult question about Plato.,quiz
Ask me a difficult question about Kierkegaard.,quiz
Give me an exam-style question about Aristotle.,quiz
Ask me a difficult question about Kant.,quiz
Ask me a difficult question about Locke.,quiz
Test my knowledge of Spinoza.,quiz
Challenge me on Aristotle.,quiz
Challenge me on Nietzsche.,quiz
Give me an exam-style question about Locke.,quiz
Test my knowledge of Mill.,quiz
Quiz me on Husserl.,quiz
Ask me a difficult question about Beauvoir.,quiz
Test my knowledge of Spinoza.,quiz
Test my knowledge of Sartre.,quiz
Ask me a difficult question about Hume.,quiz
Quiz me on Marx.,quiz
Give me an exam-style question about Beauvoir.,quiz
Give me an exam-style question about Foucault.,quiz
Quiz me on Sartre.,quiz
Test my knowledge of Mill.,quiz
Ask me a difficult question about Kierkegaard.,quiz
Test my knowledge of Popper.,quiz
Ask me a difficult question about Hume.,quiz
Ask me a difficult question about Kant.,quiz
Give me an exam-style question about Marx.,quiz
Give me an exam-style question about Kant.,quiz
Test my knowledge of Locke.,quiz
Quiz me on Foucault.,quiz
Challenge me on Wittgenstein.,quiz
Test my knowledge of Marx.,quiz
Ask me a difficult question about Locke.,quiz
Challenge me on Heidegger.,quiz
Quiz me on Hegel.,quiz
Ask me a difficult question about Heidegger.,quiz
Give me an exam-style question about Plato.,quiz
Test my knowledge of Foucault.,quiz
Challenge me on Locke.,quiz
Give me an exam-style question about Foucault.,quiz
Ask me a difficult question about Kierkegaard.,quiz
Quiz me on Kant.,quiz
Test my knowledge of Spinoza.,quiz
Give me an exam-style question about Beauvoir.,quiz
Give me an exam-style question about Rousseau.,quiz
Challenge me on Kant.,quiz
Ask me a difficult question about Rawls.,quiz
Quiz me on Mill.,quiz
Give me an exam-style question about Beauvoir.,quiz
Test my knowledge of Nietzsche.,quiz
Challenge me on Husserl.,quiz
Ask me a difficult question about Nietzsche.,quiz
Give me an exam-style question about Beauvoir.,quiz
Quiz me on Hume.,quiz
Challenge me on Nietzsche.,quiz
Test my knowledge of Marx.,quiz
Ask me a difficult question about Rawls.,quiz
Ask me a difficult question about Locke.,quiz
Challenge me on Wittgenstein.,quiz
Quiz me on Sartre.,quiz
Ask me a difficult question about Foucault.,quiz
Test my knowledge of Nietzsche.,quiz
Test my knowledge of Kierkegaard.,quiz
Challenge me on Kant.,quiz
Challenge me on Marx.,quiz
Challenge me on Husserl.,quiz
Ask me a difficult question about Marx.,quiz
Challenge me on Kierkegaard.,quiz
Test my knowledge of Husserl.,quiz
Quiz me on Plato.,quiz
Quiz me on Aristotle.,quiz
